{
  "project_info": {
    "project_number": "938611528008",
    "project_id": "signin-d80a7",
    "storage_bucket": "signin-d80a7.appspot.com"
  },
  "client": [
    {
      "client_info": {
        "mobilesdk_app_id": "1:938611528008:android:f39281696a2d16c16ae37d",
        "android_client_info": {
          "package_name": "com.example.signin"
        }
      },
      "oauth_client": [
        {
          "client_id": "938611528008-qdb6gko61dr1aevdg9mho0lgehi1h5pk.apps.googleusercontent.com",
          "client_type": 3
        }
      ],
      "api_key": [
        {
          "current_key": "AIzaSyAz0xH409b8EAGgPVQFt-ZiPSa22ybIaoc"
        }
      ],
      "services": {
        "appinvite_service": {
          "other_platform_oauth_client": [
            {
              "client_id": "938611528008-qdb6gko61dr1aevdg9mho0lgehi1h5pk.apps.googleusercontent.com",
              "client_type": 3
            }
          ]
        }
      }
    }
  ],
  "configuration_version": "1"
}